{
	"credit": "Made by deuli in BlockBench",
	"texture_size": [64, 64],
	"textures": {
		"2": "trophies:item/dragon_trophy",
		"particle": "trophies:item/dragon_trophy"
	},
	"elements": [
		{
			"name": "diamond_sword_0",
			"from": [1, 16, 5],
			"to": [5, 20, 6],
			"rotation": {"angle": 22.5, "axis": "z", "origin": [17, 32, 5]},
			"faces": {
				"north": {"uv": [16, 12, 15, 13], "rotation": 180, "texture": "#2"},
				"east": {"uv": [15, 12, 15.25, 13], "rotation": 180, "texture": "#2"},
				"south": {"uv": [15, 12, 16, 13], "rotation": 180, "texture": "#2"},
				"west": {"uv": [15.75, 12, 16, 13], "rotation": 180, "texture": "#2"},
				"up": {"uv": [15, 12.75, 16, 13], "rotation": 180, "texture": "#2"},
				"down": {"uv": [15, 12, 16, 12.25], "rotation": 180, "texture": "#2"}
			}
		},
		{
			"name": "diamond_sword_1",
			"from": [5, 17, 5],
			"to": [6, 24, 6],
			"rotation": {"angle": 22.5, "axis": "z", "origin": [17, 32, 5]},
			"faces": {
				"north": {"uv": [15, 12.25, 14.75, 14], "rotation": 180, "texture": "#2"},
				"east": {"uv": [14.75, 12.25, 15, 14], "rotation": 180, "texture": "#2"},
				"south": {"uv": [14.75, 12.25, 15, 14], "rotation": 180, "texture": "#2"},
				"west": {"uv": [14.75, 12.25, 15, 14], "rotation": 180, "texture": "#2"},
				"up": {"uv": [14.75, 13.75, 15, 14], "rotation": 180, "texture": "#2"},
				"down": {"uv": [14.75, 12.25, 15, 12.5], "rotation": 180, "texture": "#2"}
			}
		},
		{
			"name": "diamond_sword_2",
			"from": [6, 18, 5],
			"to": [7, 25, 6],
			"rotation": {"angle": 22.5, "axis": "z", "origin": [17, 32, 5]},
			"faces": {
				"north": {"uv": [14.75, 12.5, 14.5, 14.25], "rotation": 180, "texture": "#2"},
				"east": {"uv": [14.5, 12.5, 14.75, 14.25], "rotation": 180, "texture": "#2"},
				"south": {"uv": [14.5, 12.5, 14.75, 14.25], "rotation": 180, "texture": "#2"},
				"west": {"uv": [14.5, 12.5, 14.75, 14.25], "rotation": 180, "texture": "#2"},
				"up": {"uv": [14.5, 14, 14.75, 14.25], "rotation": 180, "texture": "#2"},
				"down": {"uv": [14.5, 12.5, 14.75, 12.75], "rotation": 180, "texture": "#2"}
			}
		},
		{
			"name": "diamond_sword_3",
			"from": [7, 19, 5],
			"to": [8, 26, 6],
			"rotation": {"angle": 22.5, "axis": "z", "origin": [17, 32, 5]},
			"faces": {
				"north": {"uv": [14.5, 12.75, 14.25, 14.5], "rotation": 180, "texture": "#2"},
				"east": {"uv": [14.25, 12.75, 14.5, 14.5], "rotation": 180, "texture": "#2"},
				"south": {"uv": [14.25, 12.75, 14.5, 14.5], "rotation": 180, "texture": "#2"},
				"west": {"uv": [14.25, 12.75, 14.5, 14.5], "rotation": 180, "texture": "#2"},
				"up": {"uv": [14.25, 14.25, 14.5, 14.5], "rotation": 180, "texture": "#2"},
				"down": {"uv": [14.25, 12.75, 14.5, 13], "rotation": 180, "texture": "#2"}
			}
		},
		{
			"name": "diamond_sword_4",
			"from": [8, 20, 5],
			"to": [9, 30, 6],
			"rotation": {"angle": 22.5, "axis": "z", "origin": [17, 32, 5]},
			"faces": {
				"north": {"uv": [14.25, 13, 14, 15.5], "rotation": 180, "texture": "#2"},
				"east": {"uv": [14, 13, 14.25, 15.5], "rotation": 180, "texture": "#2"},
				"south": {"uv": [14, 13, 14.25, 15.5], "rotation": 180, "texture": "#2"},
				"west": {"uv": [14, 13, 14.25, 15.5], "rotation": 180, "texture": "#2"},
				"up": {"uv": [14, 15.25, 14.25, 15.5], "rotation": 180, "texture": "#2"},
				"down": {"uv": [14, 13, 14.25, 13.25], "rotation": 180, "texture": "#2"}
			}
		},
		{
			"name": "diamond_sword_5",
			"from": [3, 20, 5],
			"to": [5, 22, 6],
			"rotation": {"angle": 22.5, "axis": "z", "origin": [17, 32, 5]},
			"faces": {
				"north": {"uv": [15.5, 13, 15, 13.5], "rotation": 180, "texture": "#2"},
				"east": {"uv": [15, 13, 15.25, 13.5], "rotation": 180, "texture": "#2"},
				"south": {"uv": [15, 13, 15.5, 13.5], "rotation": 180, "texture": "#2"},
				"west": {"uv": [15.25, 13, 15.5, 13.5], "rotation": 180, "texture": "#2"},
				"up": {"uv": [15, 13.25, 15.5, 13.5], "rotation": 180, "texture": "#2"},
				"down": {"uv": [15, 13, 15.5, 13.25], "rotation": 180, "texture": "#2"}
			}
		},
		{
			"name": "diamond_sword_6",
			"from": [2, 20, 5],
			"to": [3, 21, 6],
			"rotation": {"angle": 22.5, "axis": "z", "origin": [17, 32, 5]},
			"faces": {
				"north": {"uv": [15.75, 13, 15.5, 13.25], "rotation": 180, "texture": "#2"},
				"east": {"uv": [15.5, 13, 15.75, 13.25], "rotation": 180, "texture": "#2"},
				"south": {"uv": [15.5, 13, 15.75, 13.25], "rotation": 180, "texture": "#2"},
				"west": {"uv": [15.5, 13, 15.75, 13.25], "rotation": 180, "texture": "#2"},
				"up": {"uv": [15.5, 13, 15.75, 13.25], "rotation": 180, "texture": "#2"},
				"down": {"uv": [15.5, 13, 15.75, 13.25], "rotation": 180, "texture": "#2"}
			}
		},
		{
			"name": "diamond_sword_7",
			"from": [9, 21, 5],
			"to": [10, 30, 6],
			"rotation": {"angle": 22.5, "axis": "z", "origin": [17, 32, 5]},
			"faces": {
				"north": {"uv": [14, 13.25, 13.75, 15.5], "rotation": 180, "texture": "#2"},
				"east": {"uv": [13.75, 13.25, 14, 15.5], "rotation": 180, "texture": "#2"},
				"south": {"uv": [13.75, 13.25, 14, 15.5], "rotation": 180, "texture": "#2"},
				"west": {"uv": [13.75, 13.25, 14, 15.5], "rotation": 180, "texture": "#2"},
				"up": {"uv": [13.75, 15.25, 14, 15.5], "rotation": 180, "texture": "#2"},
				"down": {"uv": [13.75, 13.25, 14, 13.5], "rotation": 180, "texture": "#2"}
			}
		},
		{
			"name": "diamond_sword_8",
			"from": [13, 22, 5],
			"to": [15, 26, 6],
			"rotation": {"angle": 22.5, "axis": "z", "origin": [17, 32, 5]},
			"faces": {
				"north": {"uv": [13, 13.5, 12.5, 14.5], "rotation": 180, "texture": "#2"},
				"east": {"uv": [12.5, 13.5, 12.75, 14.5], "rotation": 180, "texture": "#2"},
				"south": {"uv": [12.5, 13.5, 13, 14.5], "rotation": 180, "texture": "#2"},
				"west": {"uv": [12.75, 13.5, 13, 14.5], "rotation": 180, "texture": "#2"},
				"up": {"uv": [12.5, 14.25, 13, 14.5], "rotation": 180, "texture": "#2"},
				"down": {"uv": [12.5, 13.5, 13, 13.75], "rotation": 180, "texture": "#2"}
			}
		},
		{
			"name": "diamond_sword_9",
			"from": [10, 22, 5],
			"to": [11, 30, 6],
			"rotation": {"angle": 22.5, "axis": "z", "origin": [17, 32, 5]},
			"faces": {
				"north": {"uv": [13.75, 13.5, 13.5, 15.5], "rotation": 180, "texture": "#2"},
				"east": {"uv": [13.5, 13.5, 13.75, 15.5], "rotation": 180, "texture": "#2"},
				"south": {"uv": [13.5, 13.5, 13.75, 15.5], "rotation": 180, "texture": "#2"},
				"west": {"uv": [13.5, 13.5, 13.75, 15.5], "rotation": 180, "texture": "#2"},
				"up": {"uv": [13.5, 15.25, 13.75, 15.5], "rotation": 180, "texture": "#2"},
				"down": {"uv": [13.5, 13.5, 13.75, 13.75], "rotation": 180, "texture": "#2"}
			}
		},
		{
			"name": "diamond_sword_10",
			"from": [4, 22, 5],
			"to": [5, 23, 6],
			"rotation": {"angle": 22.5, "axis": "z", "origin": [17, 32, 5]},
			"faces": {
				"north": {"uv": [15.25, 13.5, 15, 13.75], "rotation": 180, "texture": "#2"},
				"east": {"uv": [15, 13.5, 15.25, 13.75], "rotation": 180, "texture": "#2"},
				"south": {"uv": [15, 13.5, 15.25, 13.75], "rotation": 180, "texture": "#2"},
				"west": {"uv": [15, 13.5, 15.25, 13.75], "rotation": 180, "texture": "#2"},
				"up": {"uv": [15, 13.5, 15.25, 13.75], "rotation": 180, "texture": "#2"},
				"down": {"uv": [15, 13.5, 15.25, 13.75], "rotation": 180, "texture": "#2"}
			}
		},
		{
			"name": "diamond_sword_11",
			"from": [11, 23, 5],
			"to": [13, 28, 6],
			"rotation": {"angle": 22.5, "axis": "z", "origin": [17, 32, 5]},
			"faces": {
				"north": {"uv": [13.5, 13.75, 13, 15], "rotation": 180, "texture": "#2"},
				"east": {"uv": [13, 13.75, 13.25, 15], "rotation": 180, "texture": "#2"},
				"south": {"uv": [13, 13.75, 13.5, 15], "rotation": 180, "texture": "#2"},
				"west": {"uv": [13.25, 13.75, 13.5, 15], "rotation": 180, "texture": "#2"},
				"up": {"uv": [13, 14.75, 13.5, 15], "rotation": 180, "texture": "#2"},
				"down": {"uv": [13, 13.75, 13.5, 14], "rotation": 180, "texture": "#2"}
			}
		},
		{
			"name": "diamond_sword_12",
			"from": [13, 27, 5],
			"to": [14, 30, 6],
			"rotation": {"angle": 22.5, "axis": "z", "origin": [17, 32, 5]},
			"faces": {
				"north": {"uv": [13, 14.75, 12.75, 15.5], "rotation": 180, "texture": "#2"},
				"east": {"uv": [12.75, 14.75, 13, 15.5], "rotation": 180, "texture": "#2"},
				"south": {"uv": [12.75, 14.75, 13, 15.5], "rotation": 180, "texture": "#2"},
				"west": {"uv": [12.75, 14.75, 13, 15.5], "rotation": 180, "texture": "#2"},
				"up": {"uv": [12.75, 15.25, 13, 15.5], "rotation": 180, "texture": "#2"},
				"down": {"uv": [12.75, 14.75, 13, 15], "rotation": 180, "texture": "#2"}
			}
		},
		{
			"name": "diamond_sword_13",
			"from": [14, 28, 5],
			"to": [15, 32, 6],
			"rotation": {"angle": 22.5, "axis": "z", "origin": [17, 32, 5]},
			"faces": {
				"north": {"uv": [12.75, 15, 12.5, 16], "rotation": 180, "texture": "#2"},
				"east": {"uv": [12.5, 15, 12.75, 16], "rotation": 180, "texture": "#2"},
				"south": {"uv": [12.5, 15, 12.75, 16], "rotation": 180, "texture": "#2"},
				"west": {"uv": [12.5, 15, 12.75, 16], "rotation": 180, "texture": "#2"},
				"up": {"uv": [12.5, 15.75, 12.75, 16], "rotation": 180, "texture": "#2"},
				"down": {"uv": [12.5, 15, 12.75, 15.25], "rotation": 180, "texture": "#2"}
			}
		},
		{
			"name": "diamond_sword_14",
			"from": [12, 28, 5],
			"to": [13, 29, 6],
			"rotation": {"angle": 22.5, "axis": "z", "origin": [17, 32, 5]},
			"faces": {
				"north": {"uv": [13.25, 15, 13, 15.25], "rotation": 180, "texture": "#2"},
				"east": {"uv": [13, 15, 13.25, 15.25], "rotation": 180, "texture": "#2"},
				"south": {"uv": [13, 15, 13.25, 15.25], "rotation": 180, "texture": "#2"},
				"west": {"uv": [13, 15, 13.25, 15.25], "rotation": 180, "texture": "#2"},
				"up": {"uv": [13, 15, 13.25, 15.25], "rotation": 180, "texture": "#2"},
				"down": {"uv": [13, 15, 13.25, 15.25], "rotation": 180, "texture": "#2"}
			}
		},
		{
			"name": "diamond_sword_15",
			"from": [7, 28, 5],
			"to": [8, 30, 6],
			"rotation": {"angle": 22.5, "axis": "z", "origin": [17, 32, 5]},
			"faces": {
				"north": {"uv": [14.5, 15, 14.25, 15.5], "rotation": 180, "texture": "#2"},
				"east": {"uv": [14.25, 15, 14.5, 15.5], "rotation": 180, "texture": "#2"},
				"south": {"uv": [14.25, 15, 14.5, 15.5], "rotation": 180, "texture": "#2"},
				"west": {"uv": [14.25, 15, 14.5, 15.5], "rotation": 180, "texture": "#2"},
				"up": {"uv": [14.25, 15.25, 14.5, 15.5], "rotation": 180, "texture": "#2"},
				"down": {"uv": [14.25, 15, 14.5, 15.25], "rotation": 180, "texture": "#2"}
			}
		},
		{
			"name": "diamond_sword_16",
			"from": [15, 29, 5],
			"to": [17, 32, 6],
			"rotation": {"angle": 22.5, "axis": "z", "origin": [17, 32, 5]},
			"faces": {
				"north": {"uv": [12.5, 15.25, 12, 16], "rotation": 180, "texture": "#2"},
				"east": {"uv": [12, 15.25, 12.25, 16], "rotation": 180, "texture": "#2"},
				"south": {"uv": [12, 15.25, 12.5, 16], "rotation": 180, "texture": "#2"},
				"west": {"uv": [12.25, 15.25, 12.5, 16], "rotation": 180, "texture": "#2"},
				"up": {"uv": [12, 15.75, 12.5, 16], "rotation": 180, "texture": "#2"},
				"down": {"uv": [12, 15.25, 12.5, 15.5], "rotation": 180, "texture": "#2"}
			}
		},
		{
			"from": [6, 0, 6],
			"to": [10, 1, 10],
			"rotation": {"angle": 0, "axis": "y", "origin": [7, 0, 7]},
			"faces": {
				"north": {"uv": [7.25, 6, 8.25, 6.25], "texture": "#2"},
				"east": {"uv": [6.25, 6, 7.25, 6.25], "texture": "#2"},
				"south": {"uv": [9.25, 6, 10.25, 6.25], "texture": "#2"},
				"west": {"uv": [8.25, 6, 9.25, 6.25], "texture": "#2"},
				"up": {"uv": [8.25, 6, 7.25, 5], "texture": "#2"},
				"down": {"uv": [9.25, 5, 8.25, 6], "texture": "#2"}
			}
		},
		{
			"from": [5, 1, 5],
			"to": [11, 3, 11],
			"rotation": {"angle": 0, "axis": "y", "origin": [7, 1, 7]},
			"faces": {
				"north": {"uv": [1.5, 10, 3, 10.5], "texture": "#2"},
				"east": {"uv": [0, 10, 1.5, 10.5], "texture": "#2"},
				"south": {"uv": [4.5, 10, 6, 10.5], "texture": "#2"},
				"west": {"uv": [3, 10, 4.5, 10.5], "texture": "#2"},
				"up": {"uv": [3, 10, 1.5, 8.5], "texture": "#2"},
				"down": {"uv": [4.5, 8.5, 3, 10], "texture": "#2"}
			}
		},
		{
			"from": [4, 3, 4],
			"to": [12, 8, 12],
			"rotation": {"angle": 0, "axis": "y", "origin": [7, 3, 7]},
			"faces": {
				"north": {"uv": [8.5, 8.5, 10.5, 9.75], "texture": "#2"},
				"east": {"uv": [6.5, 8.5, 8.5, 9.75], "texture": "#2"},
				"south": {"uv": [12.5, 8.5, 14.5, 9.75], "texture": "#2"},
				"west": {"uv": [10.5, 8.5, 12.5, 9.75], "texture": "#2"},
				"up": {"uv": [10.5, 8.5, 8.5, 6.5], "texture": "#2"},
				"down": {"uv": [12.5, 6.5, 10.5, 8.5], "texture": "#2"}
			}
		},
		{
			"from": [5, 8, 5],
			"to": [11, 10, 11],
			"rotation": {"angle": 0, "axis": "y", "origin": [7, 8, 7]},
			"faces": {
				"north": {"uv": [9, 1.5, 10.5, 2], "texture": "#2"},
				"east": {"uv": [7.5, 1.5, 9, 2], "texture": "#2"},
				"south": {"uv": [12, 1.5, 13.5, 2], "texture": "#2"},
				"west": {"uv": [10.5, 1.5, 12, 2], "texture": "#2"},
				"up": {"uv": [10.5, 1.5, 9, 0], "texture": "#2"},
				"down": {"uv": [12, 0, 10.5, 1.5], "texture": "#2"}
			}
		},
		{
			"from": [6, 10, 6],
			"to": [10, 19.9, 10],
			"rotation": {"angle": 0, "axis": "y", "origin": [7, 10, 7]},
			"faces": {
				"north": {"uv": [6, 10.75, 7, 13], "texture": "#2"},
				"east": {"uv": [5, 10.75, 6, 13], "texture": "#2"},
				"south": {"uv": [8, 10.75, 9, 13], "texture": "#2"},
				"west": {"uv": [7, 10.75, 8, 13], "texture": "#2"},
				"up": {"uv": [7, 10.75, 6, 9.75], "texture": "#2"},
				"down": {"uv": [8, 9.75, 7, 10.75], "texture": "#2"}
			}
		},
		{
			"from": [3, 10, 3],
			"to": [13, 20, 13],
			"rotation": {"angle": 0, "axis": "y", "origin": [7, 10, 2]},
			"faces": {
				"north": {"uv": [2.5, 2.5, 5, 5], "texture": "#2"},
				"east": {"uv": [0, 2.5, 2.5, 5], "texture": "#2"},
				"south": {"uv": [7.5, 2.5, 10, 5], "texture": "#2"},
				"west": {"uv": [5, 2.5, 7.5, 5], "texture": "#2"},
				"up": {"uv": [5, 2.5, 2.5, 0], "texture": "#2"},
				"down": {"uv": [7.5, 0, 5, 2.5], "texture": "#2"}
			}
		},
		{
			"from": [4, 10, -6],
			"to": [12, 15, 3],
			"rotation": {"angle": 0, "axis": "y", "origin": [7, 10, -6]},
			"faces": {
				"north": {"uv": [2.25, 7.25, 4.25, 8.5], "texture": "#2"},
				"east": {"uv": [0, 7.25, 2.25, 8.5], "texture": "#2"},
				"south": {"uv": [6.5, 7.25, 8.5, 8.5], "texture": "#2"},
				"west": {"uv": [4.25, 7.25, 6.5, 8.5], "texture": "#2"},
				"up": {"uv": [4.25, 7.25, 2.25, 5], "texture": "#2"},
				"down": {"uv": [6.25, 5, 4.25, 7.25], "texture": "#2"}
			}
		},
		{
			"from": [5, 20, 7],
			"to": [5, 23, 11],
			"rotation": {"angle": 0, "axis": "y", "origin": [7, 17, 5]},
			"faces": {
				"north": {"uv": [1, 1.75, 1, 2.5], "texture": "#2"},
				"east": {"uv": [0, 1.75, 1, 2.5], "texture": "#2"},
				"south": {"uv": [2, 1.75, 2, 2.5], "texture": "#2"},
				"west": {"uv": [1, 1.75, 2, 2.5], "texture": "#2"},
				"up": {"uv": [1, 1.75, 1, 0.75], "texture": "#2"},
				"down": {"uv": [1, 0.75, 1, 1.75], "texture": "#2"}
			}
		},
		{
			"from": [11, 20, 7],
			"to": [11, 23, 11],
			"rotation": {"angle": 0, "axis": "y", "origin": [14, 17, 5]},
			"faces": {
				"north": {"uv": [1, 1, 1, 1.75], "texture": "#2"},
				"east": {"uv": [0, 1, 1, 1.75], "texture": "#2"},
				"south": {"uv": [2, 1, 2, 1.75], "texture": "#2"},
				"west": {"uv": [1, 1, 2, 1.75], "texture": "#2"},
				"up": {"uv": [1, 1, 1, 0], "texture": "#2"},
				"down": {"uv": [1, 0, 1, 1], "texture": "#2"}
			}
		}
	],
	"display": {
		"thirdperson_righthand": {
			"translation": [0, 3, 1],
			"scale": [0.55, 0.55, 0.55]
		},
		"thirdperson_lefthand": {
			"translation": [0, 3, 1],
			"scale": [0.55, 0.55, 0.55]
		},
		"firstperson_righthand": {
			"rotation": [0, 45, 0],
			"translation": [0, 2, 0],
			"scale": [0.4, 0.4, 0.4]
		},
		"firstperson_lefthand": {
			"rotation": [0, 45, 0],
			"translation": [0, 2, 0],
			"scale": [0.4, 0.4, 0.4]
		},
		"ground": {
			"translation": [0, 2, 0],
			"scale": [0.5, 0.5, 0.5]
		},
		"gui": {
			"rotation": [30, 225, 0],
			"translation": [0, -2.75, 0],
			"scale": [0.625, 0.625, 0.625]
		},
		"head": {
			"translation": [0, 14, 0]
		},
		"fixed": {
			"rotation": [-90, 0, 0],
			"translation": [0, 0, -12],
			"scale": [1.6, 1.6, 1.6]
		}
	},
	"groups": [
		{
			"name": "diamond_sword",
			"origin": [8, 8, 8],
			"color": 0,
			"children": [0, 1, 2, 3, 4, 5, 6, 7, 8, 9, 10, 11, 12, 13, 14, 15, 16]
		},
		{
			"name": "base",
			"origin": [8, 8, 8],
			"color": 9,
			"children": [17, 18, 19, 20, 21]
		},
		{
			"name": "head",
			"origin": [8, 8, 8],
			"color": 4,
			"children": [22, 23, 24, 25]
		}
	]
}