{
	"credit": "Made by deuli in BlockBench",
	"texture_size": [64, 64],
	"textures": {
		"0": "trophies:item/eyes_trophy",
		"1": "trophies:item/eyes/end",
		"particle": "trophies:item/eyes_trophy"
	},
	"elements": [
		{
			"name": "endstone",
			"from": [5, 9, 5],
			"to": [11, 11, 11],
			"rotation": {"angle": 0, "axis": "y", "origin": [4, 9, 7]},
			"faces": {
				"north": {"uv": [7.5, 6.25, 9, 6.75], "texture": "#0"},
				"east": {"uv": [6, 6.25, 7.5, 6.75], "texture": "#0"},
				"south": {"uv": [10.5, 6.25, 12, 6.75], "texture": "#0"},
				"west": {"uv": [9, 6.25, 10.5, 6.75], "texture": "#0"},
				"up": {"uv": [9, 6.25, 7.5, 4.75], "texture": "#0"},
				"down": {"uv": [10.5, 4.75, 9, 6.25], "texture": "#0"}
			}
		},
		{
			"name": "pillar_top",
			"from": [6, 6, 6],
			"to": [10, 14, 10],
			"rotation": {"angle": 0, "axis": "y", "origin": [10, 6, 10]},
			"faces": {
				"north": {"uv": [1, 8.75, 2, 10.75], "texture": "#0"},
				"east": {"uv": [0, 8.75, 1, 10.75], "texture": "#0"},
				"south": {"uv": [3, 8.75, 4, 10.75], "texture": "#0"},
				"west": {"uv": [2, 8.75, 3, 10.75], "texture": "#0"},
				"up": {"uv": [2, 8.75, 1, 7.75], "texture": "#0"},
				"down": {"uv": [3, 7.75, 2, 8.75], "texture": "#0"}
			}
		},
		{
			"name": "pillar_base",
			"from": [5, 0, 5],
			"to": [11, 6, 11],
			"rotation": {"angle": 0, "axis": "y", "origin": [10, 0, 10]},
			"faces": {
				"north": {"uv": [1.5, 6.25, 3, 7.75], "texture": "#0"},
				"east": {"uv": [0, 6.25, 1.5, 7.75], "texture": "#0"},
				"south": {"uv": [4.5, 6.25, 6, 7.75], "texture": "#0"},
				"west": {"uv": [3, 6.25, 4.5, 7.75], "texture": "#0"},
				"up": {"uv": [3, 6.25, 1.5, 4.75], "texture": "#0"},
				"down": {"uv": [4.5, 4.75, 3, 6.25], "texture": "#0"}
			}
		},
		{
			"name": "endstone_bit",
			"from": [11, 0, 9],
			"to": [12, 2, 10],
			"rotation": {"angle": 0, "axis": "y", "origin": [10, 0, 8]},
			"faces": {
				"north": {"uv": [1.25, 1.75, 1.5, 2.25], "texture": "#0"},
				"east": {"uv": [1, 1.75, 1.25, 2.25], "texture": "#0"},
				"south": {"uv": [1.75, 1.75, 2, 2.25], "texture": "#0"},
				"west": {"uv": [1.5, 1.75, 1.75, 2.25], "texture": "#0"},
				"up": {"uv": [1.5, 1.75, 1.25, 1.5], "texture": "#0"},
				"down": {"uv": [1.75, 1.5, 1.5, 1.75], "texture": "#0"}
			}
		},
		{
			"name": "endstone_bit",
			"from": [11, 0, 6],
			"to": [12, 2, 7],
			"rotation": {"angle": 0, "axis": "y", "origin": [10, 0, 5]},
			"faces": {
				"north": {"uv": [0.25, 1.75, 0.5, 2.25], "texture": "#0"},
				"east": {"uv": [0, 1.75, 0.25, 2.25], "texture": "#0"},
				"south": {"uv": [0.75, 1.75, 1, 2.25], "texture": "#0"},
				"west": {"uv": [0.5, 1.75, 0.75, 2.25], "texture": "#0"},
				"up": {"uv": [0.5, 1.75, 0.25, 1.5], "texture": "#0"},
				"down": {"uv": [0.75, 1.5, 0.5, 1.75], "texture": "#0"}
			}
		},
		{
			"name": "endstone_bit",
			"from": [4, 0, 9],
			"to": [5, 2, 10],
			"rotation": {"angle": 0, "axis": "y", "origin": [3, 0, 8]},
			"faces": {
				"north": {"uv": [2.25, 0.25, 2.5, 0.75], "texture": "#0"},
				"east": {"uv": [2, 0.25, 2.25, 0.75], "texture": "#0"},
				"south": {"uv": [2.75, 0.25, 3, 0.75], "texture": "#0"},
				"west": {"uv": [2.5, 0.25, 2.75, 0.75], "texture": "#0"},
				"up": {"uv": [2.5, 0.25, 2.25, 0], "texture": "#0"},
				"down": {"uv": [2.75, 0, 2.5, 0.25], "texture": "#0"}
			}
		},
		{
			"name": "endstone_bit",
			"from": [4, 0, 6],
			"to": [5, 2, 7],
			"rotation": {"angle": 0, "axis": "y", "origin": [3, 0, 5]},
			"faces": {
				"north": {"uv": [2.25, 1, 2.5, 1.5], "texture": "#0"},
				"east": {"uv": [2, 1, 2.25, 1.5], "texture": "#0"},
				"south": {"uv": [2.75, 1, 3, 1.5], "texture": "#0"},
				"west": {"uv": [2.5, 1, 2.75, 1.5], "texture": "#0"},
				"up": {"uv": [2.5, 1, 2.25, 0.75], "texture": "#0"},
				"down": {"uv": [2.75, 0.75, 2.5, 1], "texture": "#0"}
			}
		},
		{
			"name": "endstone_bit",
			"from": [9, 0, 4],
			"to": [10, 2, 5],
			"rotation": {"angle": 0, "axis": "y", "origin": [8, 0, 3]},
			"faces": {
				"north": {"uv": [1.25, 1, 1.5, 1.5], "texture": "#0"},
				"east": {"uv": [1, 1, 1.25, 1.5], "texture": "#0"},
				"south": {"uv": [1.75, 1, 2, 1.5], "texture": "#0"},
				"west": {"uv": [1.5, 1, 1.75, 1.5], "texture": "#0"},
				"up": {"uv": [1.5, 1, 1.25, 0.75], "texture": "#0"},
				"down": {"uv": [1.75, 0.75, 1.5, 1], "texture": "#0"}
			}
		},
		{
			"name": "endstone_bit",
			"from": [6, 0, 4],
			"to": [7, 2, 5],
			"rotation": {"angle": 0, "axis": "y", "origin": [5, 0, 3]},
			"faces": {
				"north": {"uv": [1.25, 0.25, 1.5, 0.75], "texture": "#0"},
				"east": {"uv": [1, 0.25, 1.25, 0.75], "texture": "#0"},
				"south": {"uv": [1.75, 0.25, 2, 0.75], "texture": "#0"},
				"west": {"uv": [1.5, 0.25, 1.75, 0.75], "texture": "#0"},
				"up": {"uv": [1.5, 0.25, 1.25, 0], "texture": "#0"},
				"down": {"uv": [1.75, 0, 1.5, 0.25], "texture": "#0"}
			}
		},
		{
			"name": "endstone_bit",
			"from": [9, 0, 11],
			"to": [10, 2, 12],
			"rotation": {"angle": 0, "axis": "y", "origin": [8, 0, 10]},
			"faces": {
				"north": {"uv": [0.25, 1, 0.5, 1.5], "texture": "#0"},
				"east": {"uv": [0, 1, 0.25, 1.5], "texture": "#0"},
				"south": {"uv": [0.75, 1, 1, 1.5], "texture": "#0"},
				"west": {"uv": [0.5, 1, 0.75, 1.5], "texture": "#0"},
				"up": {"uv": [0.5, 1, 0.25, 0.75], "texture": "#0"},
				"down": {"uv": [0.75, 0.75, 0.5, 1], "texture": "#0"}
			}
		},
		{
			"name": "endstone_bit",
			"from": [6, 0, 11],
			"to": [7, 2, 12],
			"rotation": {"angle": 0, "axis": "y", "origin": [5, 0, 10]},
			"faces": {
				"north": {"uv": [0.25, 0.25, 0.5, 0.75], "texture": "#0"},
				"east": {"uv": [0, 0.25, 0.25, 0.75], "texture": "#0"},
				"south": {"uv": [0.75, 0.25, 1, 0.75], "texture": "#0"},
				"west": {"uv": [0.5, 0.25, 0.75, 0.75], "texture": "#0"},
				"up": {"uv": [0.5, 0.25, 0.25, 0], "texture": "#0"},
				"down": {"uv": [0.75, 0, 0.5, 0.25], "texture": "#0"}
			}
		},
		{
			"name": "eye",
			"from": [4, 21, 4],
			"to": [12, 23, 12],
			"rotation": {"angle": 0, "axis": "y", "origin": [4, 21, 4]},
			"faces": {
				"north": {"uv": [4, 0, 12, 2], "texture": "#1"},
				"east": {"uv": [4, 0, 12, 2], "texture": "#1"},
				"south": {"uv": [4, 0, 12, 2], "texture": "#1"},
				"west": {"uv": [4, 0, 12, 2], "texture": "#1"},
				"up": {"uv": [4, 4, 12, 12], "texture": "#1"},
				"down": {"uv": [4, 4, 12, 12], "texture": "#1"}
			}
		},
		{
			"name": "frame",
			"from": [2, 14, 2],
			"to": [14, 21, 14],
			"rotation": {"angle": 0, "axis": "y", "origin": [8, 14, 8]},
			"faces": {
				"north": {"uv": [3, 3, 6, 4.75], "texture": "#0"},
				"east": {"uv": [0, 3, 3, 4.75], "texture": "#0"},
				"south": {"uv": [9, 3, 12, 4.75], "texture": "#0"},
				"west": {"uv": [6, 3, 9, 4.75], "texture": "#0"},
				"up": {"uv": [6, 3, 3, 0], "texture": "#0"},
				"down": {"uv": [9, 0, 6, 3], "texture": "#0"}
			}
		}
	],
	"display": {
		"thirdperson_righthand": {
			"translation": [0, 0, 1],
			"scale": [0.55, 0.55, 0.55]
		},
		"thirdperson_lefthand": {
			"translation": [0, 0, 1],
			"scale": [0.55, 0.55, 0.55]
		},
		"firstperson_righthand": {
			"rotation": [0, 45, 0],
			"translation": [0, 2, 0],
			"scale": [0.4, 0.4, 0.4]
		},
		"firstperson_lefthand": {
			"rotation": [0, 45, 0],
			"translation": [0, 2, 0],
			"scale": [0.4, 0.4, 0.4]
		},
		"ground": {
			"translation": [0, 2, 0],
			"scale": [0.5, 0.5, 0.5]
		},
		"gui": {
			"rotation": [30, 225, 0],
			"translation": [0, -2, 0],
			"scale": [0.625, 0.625, 0.625]
		},
		"head": {
			"translation": [0, 14, 0]
		},
		"fixed": {
			"rotation": [-90, 0, 0],
			"translation": [0, 0, -12],
			"scale": [1.6, 1.6, 1.6]
		}
	},
	"groups": [
		{
			"name": "pillar",
			"origin": [10, 0, 10],
			"color": 0,
			"children": [0, 1, 2]
		},
		{
			"name": "bits",
			"origin": [8, 8, 8],
			"color": 0,
			"children": [
				{
					"name": "bits_west",
					"origin": [3, 0, 5],
					"color": 0,
					"children": [3, 4]
				},
				{
					"name": "bits_east",
					"origin": [3, 0, 5],
					"color": 0,
					"children": [5, 6]
				},
				{
					"name": "bits_north",
					"origin": [3, 0, 5],
					"color": 0,
					"children": [7, 8]
				},
				{
					"name": "bits_south",
					"origin": [3, 0, 5],
					"color": 0,
					"children": [9, 10]
				}
			]
		},
		{
			"name": "portal_frame",
			"origin": [8, 10, 8],
			"color": 0,
			"children": [11, 12]
		}
	]
}