{
	"credit": "Made by deuli in BlockBench",
	"texture_size": [64, 64],
	"textures": {
		"0": "trophies:item/wither_trophy",
		"particle": "trophies:item/wither_trophy"
	},
	"elements": [
		{
			"from": [7, 7, 7],
			"to": [9, 9, 9],
			"rotation": {"angle": 0, "axis": "y", "origin": [8, 8, 8]},
			"faces": {
				"north": {"uv": [0.5, 0.5, 1, 1], "texture": "#0"},
				"east": {"uv": [0, 0.5, 0.5, 1], "texture": "#0"},
				"south": {"uv": [1.5, 0.5, 2, 1], "texture": "#0"},
				"west": {"uv": [1, 0.5, 1.5, 1], "texture": "#0"},
				"up": {"uv": [1, 0.5, 0.5, 0], "texture": "#0"},
				"down": {"uv": [1.5, 0, 1, 0.5], "texture": "#0"}
			}
		},
		{
			"from": [6, 6, 6],
			"to": [10, 10, 10],
			"rotation": {"angle": 0, "axis": "y", "origin": [8, 8, 8]},
			"faces": {
				"north": {"uv": [6, 3.75, 7, 4.75], "texture": "#0"},
				"east": {"uv": [5, 3.75, 6, 4.75], "texture": "#0"},
				"south": {"uv": [8, 3.75, 9, 4.75], "texture": "#0"},
				"west": {"uv": [7, 3.75, 8, 4.75], "texture": "#0"},
				"up": {"uv": [7, 3.75, 6, 2.75], "texture": "#0"},
				"down": {"uv": [8, 2.75, 7, 3.75], "texture": "#0"}
			}
		},
		{
			"from": [5, 5, 5],
			"to": [11, 11, 11],
			"rotation": {"angle": -45, "axis": "z", "origin": [8, 8, 8]},
			"faces": {
				"north": {"uv": [5, 6.25, 6.5, 7.75], "texture": "#0"},
				"east": {"uv": [3.5, 6.25, 5, 7.75], "texture": "#0"},
				"south": {"uv": [8, 6.25, 9.5, 7.75], "texture": "#0"},
				"west": {"uv": [6.5, 6.25, 8, 7.75], "texture": "#0"},
				"up": {"uv": [6.5, 6.25, 5, 4.75], "texture": "#0"},
				"down": {"uv": [8, 4.75, 6.5, 6.25], "texture": "#0"}
			}
		},
		{
			"from": [3, 0, 3],
			"to": [13, 1, 13],
			"rotation": {"angle": 0, "axis": "y", "origin": [8, 0.5, 8]},
			"faces": {
				"north": {"uv": [2.5, 2.5, 5, 2.75], "texture": "#0"},
				"east": {"uv": [0, 2.5, 2.5, 2.75], "texture": "#0"},
				"south": {"uv": [7.5, 2.5, 10, 2.75], "texture": "#0"},
				"west": {"uv": [5, 2.5, 7.5, 2.75], "texture": "#0"},
				"up": {"uv": [5, 2.5, 2.5, 0], "texture": "#0"},
				"down": {"uv": [7.5, 0, 5, 2.5], "texture": "#0"}
			}
		},
		{
			"from": [3, 1, 13],
			"to": [13, 15, 13],
			"rotation": {"angle": 0, "axis": "y", "origin": [7, 1, 11]},
			"faces": {
				"north": {"uv": [5, 7.75, 7.5, 11.25], "texture": "#0"},
				"east": {"uv": [5, 7.75, 5, 11.25], "texture": "#0"},
				"south": {"uv": [7.5, 7.75, 10, 11.25], "texture": "#0"},
				"west": {"uv": [7.5, 7.75, 7.5, 11.25], "texture": "#0"},
				"up": {"uv": [7.5, 7.75, 5, 7.75], "texture": "#0"},
				"down": {"uv": [10, 7.75, 7.5, 7.75], "texture": "#0"}
			}
		},
		{
			"from": [3, 1, 3],
			"to": [13, 15, 3],
			"rotation": {"angle": 0, "axis": "y", "origin": [7, 1, 1]},
			"faces": {
				"north": {"uv": [0, 7.75, 2.5, 11.25], "texture": "#0"},
				"east": {"uv": [0, 7.75, 0, 11.25], "texture": "#0"},
				"south": {"uv": [2.5, 7.75, 5, 11.25], "texture": "#0"},
				"west": {"uv": [2.5, 7.75, 2.5, 11.25], "texture": "#0"},
				"up": {"uv": [2.5, 7.75, 0, 7.75], "texture": "#0"},
				"down": {"uv": [5, 7.75, 2.5, 7.75], "texture": "#0"}
			}
		},
		{
			"from": [3, 1, 3],
			"to": [3, 15, 13],
			"rotation": {"angle": 0, "axis": "y", "origin": [7, 1, 1]},
			"faces": {
				"north": {"uv": [2.5, 2.75, 2.5, 6.25], "texture": "#0"},
				"east": {"uv": [0, 2.75, 2.5, 6.25], "texture": "#0"},
				"south": {"uv": [5, 2.75, 5, 6.25], "texture": "#0"},
				"west": {"uv": [2.5, 2.75, 5, 6.25], "texture": "#0"},
				"up": {"uv": [2.5, 2.75, 2.5, 0.25], "texture": "#0"},
				"down": {"uv": [2.5, 0.25, 2.5, 2.75], "texture": "#0"}
			}
		},
		{
			"from": [13, 1, 3],
			"to": [13, 15, 13],
			"rotation": {"angle": 0, "axis": "y", "origin": [-3, 1, 1]},
			"faces": {
				"north": {"uv": [2.5, 2.75, 2.5, 6.25], "texture": "#0"},
				"east": {"uv": [5, 2.75, 2.5, 6.25], "texture": "#0"},
				"south": {"uv": [5, 2.75, 5, 6.25], "texture": "#0"},
				"west": {"uv": [2.5, 2.75, 0, 6.25], "texture": "#0"},
				"up": {"uv": [2.5, 2.75, 2.5, 0.25], "texture": "#0"},
				"down": {"uv": [2.5, 0.25, 2.5, 2.75], "texture": "#0"}
			}
		}
	],
	"display": {
		"thirdperson_righthand": {
			"translation": [0, 3, 1],
			"scale": [0.55, 0.55, 0.55]
		},
		"thirdperson_lefthand": {
			"translation": [0, 3, 1],
			"scale": [0.55, 0.55, 0.55]
		},
		"firstperson_righthand": {
			"rotation": [0, 45, 0],
			"translation": [0, 2, 0],
			"scale": [0.4, 0.4, 0.4]
		},
		"firstperson_lefthand": {
			"rotation": [0, 45, 0],
			"translation": [0, 2, 0],
			"scale": [0.4, 0.4, 0.4]
		},
		"ground": {
			"translation": [0, 2, 0],
			"scale": [0.5, 0.5, 0.5]
		},
		"gui": {
			"rotation": [30, 225, 0],
			"scale": [0.7, 0.7, 0.7]
		},
		"head": {
			"translation": [0, 14, 0]
		},
		"fixed": {
			"rotation": [-90, 0, 0],
			"translation": [0, 0, -12],
			"scale": [1.6, 1.6, 1.6]
		}
	},
	"groups": [
		{
			"name": "star",
			"origin": [8, 8, 8],
			"color": 0,
			"children": [0, 1, 2]
		},
		3,
		4,
		5,
		6,
		7
	]
}